Batch,Accuracy,F1,Threshold
1,0.7368421052631579,0.3333333333333333,0.5
2,0.5789473684210527,0.2727272727272727,0.5
3,0.6052631578947368,0.375,0.5
4,0.7631578947368421,0.64,0.5
5,0.7236842105263158,0.5531914893617021,0.5
6,0.7894736842105263,0.5,0.5
7,0.8026315789473685,0.6511627906976745,0.5
8,0.7631578947368421,0.6086956521739131,0.5
9,0.8333333333333334,0.75,0.5
