Window,Accuracy,Precision,Recall,F1,Threshold
3,0.618421052631579,0.4897959183673469,0.8571428571428571,0.6233766233766234,0.3
4,0.4868421052631579,0.421875,0.9310344827586207,0.5806451612903226,0.3
5,0.7368421052631579,0.35,0.5,0.4117647058823529,0.5
6,0.5263157894736842,0.3617021276595745,0.7391304347826086,0.4857142857142857,0.4
7,0.618421052631579,0.4583333333333333,0.88,0.6027397260273972,0.3
