Model,Accuracy,Precision,Recall,F1,AUC
Random Forest,0.975,1.0,0.9333333333333333,0.9655172413793104,0.9993333333333334
