Seed,Accuracy,Precision,Recall,F1
42,0.975,1.0,0.9333333333333333,0.9655172413793104
7,1.0,1.0,1.0,1.0
123,0.975,1.0,0.9333333333333333,0.9655172413793104
Mean,0.9833333333333334,1.0,0.9555555555555556,0.9770114942528737
Std,0.014433756729740658,0.0,0.03849001794597504,0.019908629972056037
