Dataset,Accuracy,Precision,Recall,F1
CKD,0.975,0.9666666666666667,0.9666666666666667,0.9666666666666667
