Dataset,Model,Accuracy,Precision,Recall,F1
Pima Diabetes,Random Forest,0.7597,0.6809,0.5926,0.6337
CKD,Adaptive MLP,0.975,0.9666666666666667,0.9666666666666667,0.9666666666666667
