Metric,Decision Tree,Random Forest
Accuracy,0.7272727272727273,0.7337662337662337
Precision,0.6428571428571429,0.6274509803921569
Recall,0.5,0.5925925925925926
F1 Score,0.5625,0.6095238095238096
ROC AUC,0.6749999999999999,0.8137962962962962
