Accuracy,Precision,Recall,F1_Score,ROC_AUC
0.9875,0.967741935483871,1.0,0.9836065573770492,0.9993333333333333
