Model,Accuracy,Precision,Recall,F1_Score,ROC_AUC
DT,0.7987012987012987,0.7446808510638298,0.6481481481481481,0.693069306930693,0.7921296296296296
