model,accuracy,precision,recall,f1,auc_roc
Logistic Regression,0.7467532467532467,0.6379310344827587,0.6727272727272727,0.6548672566371682,0.8128558310376492
