Window,Accuracy,Precision,Recall,F1,Threshold
3,0.6578947368421053,0.5217391304347826,0.8571428571428571,0.6486486486486487,0.3
4,0.6710526315789473,0.5555555555555556,0.6896551724137931,0.6153846153846154,0.4
5,0.7368421052631579,0.35,0.5,0.4117647058823529,0.5
6,0.5131578947368421,0.36538461538461536,0.8260869565217391,0.5066666666666667,0.3
7,0.75,0.5833333333333334,0.84,0.6885245901639344,0.3
